{
  "top_ratio": 0.05249389362444543,
  "bottom_ratio": 0.7377907382483425,
  "left_ratio": 0.054027777777777786,
  "right_ratio": 0.8448611111111112,
  "platform": "tradingview"
}